mobile,status
18611162234,0
18611162235,0
18611162237,0
18611162238,0
18611162239,
18611162240,
18611162241,
18611162242,
18611162243,
18611162244,
18611162245,
18611162246,
18611162247,
18611162248,
18611162249,
18611162250,
18611162251,
18611162252,
18611162253,
18611162254,
18611162255,
18611162256,
18611162257,
18611162258,
18611162259,
18611162260,
18611162261,
18611162262,
18611162263,
18611162264,
18611162265,
18611162266,
18611162267,
18611162268,
18611162269,
18611162270,
18611162271,
18611162272,
18611162273,
18611162274,
18611162275,
18611162276,
18611162277,
18611162278,
18611162279,
18611162280,
18611162281,
18611162282,
18611162283,
18611162284,
18611162285,
18611162286,
18611162287,
18611162288,
18611162289,
18611162290,
18611162291,
18611162292,
18611162293,
18611162294,
18611162295,
18611162296,
18611162297,
18611162298,
18611162299,
18611162300,
18611162301,
18611162302,
18611162303,
18611162304,
18611162305,
18611162306,
18611162307,
18611162308,
18611162309,
18611162310,
18611162311,
18611162312,
18611162313,
18611162314,
18611162315,
18611162316,
18611162317,
18611162318,
18611162319,
18611162320,
18611162321,
18611162322,
18611162323,
18611162324,
18611162325,
18611162326,
18611162327,
18611162328,
18611162329,
18611162330,
18611162331,
18611162332,
18611162333,
18611162334,
18611162335,
18611162336,
18611162337,
18611162338,
18611162339,
18611162340,
18611162341,
18611162342,
18611162343,
18611162344,
18611162345,
18611162346,
18611162347,
18611162348,
18611162349,
18611162350,
18611162351,
18611162352,
18611162353,
18611162354,
18611162355,
18611162356,
18611162357,
18611162358,
18611162359,
18611162360,
18611162361,
18611162362,
18611162363,
18611162364,
18611162365,
18611162366,
18611162367,
18611162368,
18611162369,
18611162370,
18611162371,
18611162372,
18611162373,
18611162374,
18611162375,
18611162376,
18611162377,
18611162378,
18611162379,
18611162380,
18611162381,
18611162382,
18611162383,
18611162384,
18611162385,
18611162386,
18611162387,
18611162388,
18611162389,
18611162390,
18611162391,
18611162392,
18611162393,
18611162394,
18611162395,
18611162396,
18611162397,
18611162398,
18611162399,
18611162400,
18611162401,
18611162402,
18611162403,
18611162404,
18611162405,
18611162406,
18611162407,
18611162408,
18611162409,
18611162410,
18611162411,
18611162412,
18611162413,
18611162414,
18611162415,
18611162416,
18611162417,
18611162418,
18611162419,
18611162420,
18611162421,
18611162422,
18611162423,
18611162424,
18611162425,
18611162426,
18611162427,
18611162428,
18611162429,
18611162430,
18611162431,
18611162432,
18611162433,
18611162434,
18611162435,
18611162436,
18611162437,
18611162438,
18611162439,
18611162440,
18611162441,
18611162442,
18611162443,
18611162444,
18611162445,
18611162446,
18611162447,
18611162448,
18611162449,
18611162450,
18611162451,
18611162452,
18611162453,
18611162454,
18611162455,
18611162456,
18611162457,
18611162458,
18611162459,
18611162460,
18611162461,
18611162462,
18611162463,
18611162464,
18611162465,
18611162466,
18611162467,
18611162468,
18611162469,
18611162470,
18611162471,
18611162472,
18611162473,
18611162474,
18611162475,
18611162476,
18611162477,
18611162478,
18611162479,
18611162480,
18611162481,
18611162482,
18611162483,
18611162484,
18611162485,
18611162486,
18611162487,
18611162488,
18611162489,
18611162490,
18611162491,
18611162492,
18611162493,
18611162494,
18611162495,
18611162496,
18611162497,
18611162498,
18611162499,
18611162500,
18611162501,
18611162502,
18611162503,
18611162504,
18611162505,
18611162506,
18611162507,
18611162508,
18611162509,
18611162510,
18611162511,
18611162512,
18611162513,
18611162514,
18611162515,
18611162516,
18611162517,
18611162518,
18611162519,
18611162520,
18611162521,
18611162522,
18611162523,
18611162524,
18611162525,
18611162526,
18611162527,
18611162528,
18611162529,
18611162530,
18611162531,
18611162532,
18611162533,
18611162534,
18611162535,
18611162536,
18611162537,
18611162538,
18611162539,
18611162540,
18611162541,
18611162542,
18611162543,
18611162544,
18611162545,
18611162546,
18611162547,
18611162548,
18611162549,
18611162550,
18611162551,
18611162552,
18611162553,
18611162554,
18611162555,
18611162556,
18611162557,
18611162558,
18611162559,
18611162560,
18611162561,
18611162562,
18611162563,
18611162564,
18611162565,
18611162566,
18611162567,
18611162568,
18611162569,
18611162570,
18611162571,
18611162572,
18611162573,
18611162574,
18611162575,
18611162576,
18611162577,
18611162578,
18611162579,
18611162580,
18611162581,
18611162582,
18611162583,
18611162584,
18611162585,
18611162586,
18611162587,
18611162588,
18611162589,
18611162590,
18611162591,
18611162592,
18611162593,
18611162594,
18611162595,
18611162596,
18611162597,
18611162598,
18611162599,
18611162600,
18611162601,
18611162602,
18611162603,
18611162604,
18611162605,
18611162606,
18611162607,
18611162608,
18611162609,
18611162610,
18611162611,
18611162612,
18611162613,
18611162614,
18611162615,
18611162616,
18611162617,
18611162618,
18611162619,
18611162620,
18611162621,
18611162622,
18611162623,
18611162624,
18611162625,
18611162626,
18611162627,
18611162628,
18611162629,
18611162630,
18611162631,
18611162632,
18611162633,
18611162634,
18611162635,
18611162636,
18611162637,
18611162638,
18611162639,
18611162640,
18611162641,
18611162642,
18611162643,
18611162644,
18611162645,
18611162646,
18611162647,
18611162648,
18611162649,
18611162650,
18611162651,
18611162652,
18611162653,
18611162654,
18611162655,
18611162656,
18611162657,
18611162658,
18611162659,
18611162660,
18611162661,
18611162662,
18611162663,
18611162664,
18611162665,
18611162666,
18611162667,
18611162668,
18611162669,
18611162670,
18611162671,
18611162672,
18611162673,
18611162674,
18611162675,
18611162676,
18611162677,
18611162678,
18611162679,
18611162680,
18611162681,
18611162682,
18611162683,
18611162684,
18611162685,
18611162686,
18611162687,
18611162688,
18611162689,
18611162690,
18611162691,
18611162692,
18611162693,
18611162694,
18611162695,
18611162696,
18611162697,
18611162698,
18611162699,
18611162700,
18611162701,
18611162702,
18611162703,
18611162704,
18611162705,
18611162706,
18611162707,
18611162708,
18611162709,
18611162710,
18611162711,
18611162712,
18611162713,
18611162714,
18611162715,
18611162716,
18611162717,
18611162718,
18611162719,
18611162720,
18611162721,
18611162722,
18611162723,
18611162724,
18611162725,
18611162726,
18611162727,
18611162728,
18611162729,
18611162730,
18611162731,
18611162732,
18611162733,
18611162734,
18611162735,
18611162736,
18611162737,
18611162738,
18611162739,
18611162740,
18611162741,
18611162742,
18611162743,
18611162744,
18611162745,
18611162746,
18611162747,
18611162748,
18611162749,
18611162750,
18611162751,
18611162752,
18611162753,
18611162754,
18611162755,
18611162756,
18611162757,
18611162758,
18611162759,
18611162760,
18611162761,
18611162762,
18611162763,
18611162764,
18611162765,
18611162766,
18611162767,
18611162768,
18611162769,
18611162770,
18611162771,
18611162772,
18611162773,
18611162774,
18611162775,
18611162776,
18611162777,
18611162778,
18611162779,
18611162780,
18611162781,
18611162782,
18611162783,
18611162784,
18611162785,
18611162786,
18611162787,
18611162788,
18611162789,
18611162790,
18611162791,
18611162792,
18611162793,
18611162794,
18611162795,
18611162796,
18611162797,
18611162798,
18611162799,
18611162800,
18611162801,
18611162802,
18611162803,
18611162804,
18611162805,
18611162806,
18611162807,
18611162808,
18611162809,
18611162810,
18611162811,
18611162812,
18611162813,
18611162814,
18611162815,
18611162816,
18611162817,
18611162818,
18611162819,
18611162820,
18611162821,
18611162822,
18611162823,
18611162824,
18611162825,
18611162826,
18611162827,
18611162828,
18611162829,
18611162830,
18611162831,
18611162832,
18611162833,
18611162834,
18611162835,
18611162836,
18611162837,
18611162838,
18611162839,
18611162840,
18611162841,
18611162842,
18611162843,
18611162844,
18611162845,
18611162846,
18611162847,
18611162848,
18611162849,
18611162850,
18611162851,
18611162852,
18611162853,
18611162854,
18611162855,
18611162856,
18611162857,
18611162858,
18611162859,
18611162860,
18611162861,
18611162862,
18611162863,
18611162864,
18611162865,
18611162866,
18611162867,
18611162868,
18611162869,
18611162870,
18611162871,
18611162872,
18611162873,
18611162874,
18611162875,
18611162876,
18611162877,
18611162878,
18611162879,
18611162880,
18611162881,
18611162882,
18611162883,
18611162884,
18611162885,
18611162886,
18611162887,
18611162888,
18611162889,
18611162890,
18611162891,
18611162892,
18611162893,
18611162894,
18611162895,
18611162896,
18611162897,
18611162898,
18611162899,
18611162900,
18611162901,
18611162902,
18611162903,
18611162904,
18611162905,
18611162906,
18611162907,
18611162908,
18611162909,
18611162910,
18611162911,
18611162912,
18611162913,
18611162914,
18611162915,
18611162916,
18611162917,
18611162918,
18611162919,
18611162920,
18611162921,
18611162922,
18611162923,
18611162924,
18611162925,
18611162926,
18611162927,
18611162928,
18611162929,
18611162930,
18611162931,
18611162932,
18611162933,
18611162934,
18611162935,
18611162936,
18611162937,
18611162938,
18611162939,
18611162940,
18611162941,
18611162942,
18611162943,
18611162944,
18611162945,
18611162946,
18611162947,
18611162948,
18611162949,
18611162950,
18611162951,
18611162952,
18611162953,
18611162954,
18611162955,
18611162956,
18611162957,
18611162958,
18611162959,
18611162960,
18611162961,
18611162962,
18611162963,
18611162964,
18611162965,
18611162966,
18611162967,
18611162968,
18611162969,
18611162970,
18611162971,
18611162972,
18611162973,
18611162974,
18611162975,
18611162976,
18611162977,
18611162978,
18611162979,
18611162980,
18611162981,
18611162982,
18611162983,
18611162984,
18611162985,
18611162986,
18611162987,
18611162988,
18611162989,
18611162990,
18611162991,
18611162992,
18611162993,
18611162994,
18611162995,
18611162996,
18611162997,
18611162998,
18611162999,
18611163000,
18611163001,
18611163002,
18611163003,
18611163004,
18611163005,
18611163006,
18611163007,
18611163008,
18611163009,
18611163010,
18611163011,
18611163012,
18611163013,
18611163014,
18611163015,
18611163016,
18611163017,
18611163018,
18611163019,
18611163020,
18611163021,
18611163022,
18611163023,
18611163024,
18611163025,
18611163026,
18611163027,
18611163028,
18611163029,
18611163030,
18611163031,
18611163032,
18611163033,
18611163034,
18611163035,
18611163036,
18611163037,
18611163038,
18611163039,
18611163040,
18611163041,
18611163042,
18611163043,
18611163044,
18611163045,
18611163046,
18611163047,
18611163048,
18611163049,
18611163050,
18611163051,
18611163052,
18611163053,
18611163054,
18611163055,
18611163056,
18611163057,
18611163058,
18611163059,
18611163060,
18611163061,
18611163062,
18611163063,
18611163064,
18611163065,
18611163066,
18611163067,
18611163068,
18611163069,
18611163070,
18611163071,
18611163072,
18611163073,
18611163074,
18611163075,
18611163076,
18611163077,
18611163078,
18611163079,
18611163080,
18611163081,
18611163082,
18611163083,
18611163084,
18611163085,
18611163086,
18611163087,
18611163088,
18611163089,
18611163090,
18611163091,
18611163092,
18611163093,
18611163094,
18611163095,
18611163096,
18611163097,
18611163098,
18611163099,
18611163100,
18611163101,
18611163102,
18611163103,
18611163104,
18611163105,
18611163106,
18611163107,
18611163108,
18611163109,
18611163110,
18611163111,
18611163112,
18611163113,
18611163114,
18611163115,
18611163116,
18611163117,
18611163118,
18611163119,
18611163120,
18611163121,
18611163122,
18611163123,
18611163124,
18611163125,
18611163126,
18611163127,
18611163128,
18611163129,
18611163130,
18611163131,
18611163132,
18611163133,
18611163134,
18611163135,
18611163136,
18611163137,
18611163138,
18611163139,
18611163140,
18611163141,
18611163142,
18611163143,
18611163144,
18611163145,
18611163146,
18611163147,
18611163148,
18611163149,
18611163150,
18611163151,
18611163152,
18611163153,
18611163154,
18611163155,
18611163156,
18611163157,
18611163158,
18611163159,
18611163160,
18611163161,
18611163162,
18611163163,
18611163164,
18611163165,
18611163166,
18611163167,
18611163168,
18611163169,
18611163170,
18611163171,
18611163172,
18611163173,
18611163174,
18611163175,
18611163176,
18611163177,
18611163178,
18611163179,
18611163180,
18611163181,
18611163182,
18611163183,
18611163184,
18611163185,
18611163186,
18611163187,
18611163188,
18611163189,
18611163190,
18611163191,
18611163192,
18611163193,
18611163194,
18611163195,
18611163196,
18611163197,
18611163198,
18611163199,
18611163200,
18611163201,
18611163202,
18611163203,
18611163204,
18611163205,
18611163206,
18611163207,
18611163208,
18611163209,
18611163210,
18611163211,
18611163212,
18611163213,
18611163214,
18611163215,
18611163216,
18611163217,
18611163218,
18611163219,
18611163220,
18611163221,
18611163222,
18611163223,
18611163224,
18611163225,
18611163226,
18611163227,
18611163228,
18611163229,
18611163230,
18611163231,
18611163232,
18611163233,
18611163234,
18611163235,
18611163236,
18611163237,
18611163238,
18611163239,
18611163240,
18611163241,
18611163242,
18611163243,
18611163244,
18611163245,
18611163246,
18611163247,
18611163248,
18611163249,
18611163250,
18611163251,
18611163252,
18611163253,
18611163254,
18611163255,
18611163256,
18611163257,
18611163258,
18611163259,
18611163260,
18611163261,
18611163262,
18611163263,
18611163264,
18611163265,
18611163266,
18611163267,
18611163268,
18611163269,
18611163270,
18611163271,
18611163272,
18611163273,
18611163274,
18611163275,
18611163276,
18611163277,
18611163278,
18611163279,
18611163280,
18611163281,
18611163282,
18611163283,
18611163284,
18611163285,
18611163286,
18611163287,
18611163288,
18611163289,
18611163290,
18611163291,
18611163292,
18611163293,
18611163294,
18611163295,
18611163296,
18611163297,
18611163298,
18611163299,
18611163300,
18611163301,
18611163302,
18611163303,
18611163304,
18611163305,
18611163306,
18611163307,
18611163308,
18611163309,
18611163310,
18611163311,
18611163312,
18611163313,
18611163314,
18611163315,
18611163316,
18611163317,
18611163318,
18611163319,
18611163320,
18611163321,
18611163322,
18611163323,
18611163324,
18611163325,
18611163326,
18611163327,
18611163328,
18611163329,
18611163330,
18611163331,
18611163332,
18611163333,
18611163334,
18611163335,
18611163336,
18611163337,
18611163338,
18611163339,
18611163340,
18611163341,
18611163342,
18611163343,
18611163344,
18611163345,
18611163346,
18611163347,
18611163348,
18611163349,
18611163350,
18611163351,
18611163352,
18611163353,
18611163354,
18611163355,
18611163356,
18611163357,
18611163358,
18611163359,
18611163360,
18611163361,
18611163362,
18611163363,
18611163364,
18611163365,
18611163366,
18611163367,
18611163368,
18611163369,
18611163370,
18611163371,
18611163372,
18611163373,
18611163374,
18611163375,
18611163376,
18611163377,
18611163378,
18611163379,
18611163380,
18611163381,
18611163382,
18611163383,
18611163384,
18611163385,
18611163386,
18611163387,
18611163388,
18611163389,
18611163390,
18611163391,
18611163392,
18611163393,
18611163394,
18611163395,
18611163396,
18611163397,
18611163398,
18611163399,
18611163400,
18611163401,
18611163402,
18611163403,
18611163404,
18611163405,
18611163406,
18611163407,
18611163408,
18611163409,
18611163410,
18611163411,
18611163412,
18611163413,
18611163414,
18611163415,
18611163416,
18611163417,
18611163418,
18611163419,
18611163420,
18611163421,
18611163422,
18611163423,
18611163424,
18611163425,
18611163426,
18611163427,
18611163428,
18611163429,
18611163430,
18611163431,
18611163432,
18611163433,
18611163434,
18611163435,
18611163436,
18611163437,
18611163438,
18611163439,
18611163440,
18611163441,
18611163442,
18611163443,
18611163444,
18611163445,
18611163446,
18611163447,
18611163448,
18611163449,
18611163450,
18611163451,
18611163452,
18611163453,
18611163454,
18611163455,
18611163456,
18611163457,
18611163458,
18611163459,
18611163460,
18611163461,
18611163462,
18611163463,
18611163464,
18611163465,
18611163466,
18611163467,
18611163468,
18611163469,
18611163470,
18611163471,
18611163472,
18611163473,
18611163474,
18611163475,
18611163476,
18611163477,
18611163478,
18611163479,
18611163480,
18611163481,
18611163482,
18611163483,
18611163484,
18611163485,
18611163486,
18611163487,
18611163488,
18611163489,
18611163490,
18611163491,
18611163492,
18611163493,
18611163494,
18611163495,
18611163496,
18611163497,
18611163498,
18611163499,
18611163500,
18611163501,
18611163502,
18611163503,
18611163504,
18611163505,
18611163506,
18611163507,
18611163508,
18611163509,
18611163510,
18611163511,
18611163512,
18611163513,
18611163514,
18611163515,
18611163516,
18611163517,
18611163518,
18611163519,
18611163520,
18611163521,
18611163522,
18611163523,
18611163524,
18611163525,
18611163526,
18611163527,
18611163528,
18611163529,
18611163530,
18611163531,
18611163532,
18611163533,
18611163534,
18611163535,
18611163536,
18611163537,
18611163538,
18611163539,
18611163540,
18611163541,
18611163542,
18611163543,
18611163544,
18611163545,
18611163546,
18611163547,
18611163548,
18611163549,
18611163550,
18611163551,
18611163552,
18611163553,
18611163554,
18611163555,
18611163556,
18611163557,
18611163558,
18611163559,
18611163560,
18611163561,
18611163562,
18611163563,
18611163564,
18611163565,
18611163566,
18611163567,
18611163568,
18611163569,
18611163570,
18611163571,
18611163572,
18611163573,
18611163574,
18611163575,
18611163576,
18611163577,
18611163578,
18611163579,
18611163580,
18611163581,
18611163582,
18611163583,
18611163584,
18611163585,
18611163586,
18611163587,
18611163588,
18611163589,
18611163590,
18611163591,
18611163592,
18611163593,
18611163594,
18611163595,
18611163596,
18611163597,
18611163598,
18611163599,
18611163600,
18611163601,
18611163602,
18611163603,
18611163604,
18611163605,
18611163606,
18611163607,
18611163608,
18611163609,
18611163610,
18611163611,
18611163612,
18611163613,
18611163614,
18611163615,
18611163616,
18611163617,
18611163618,
18611163619,
18611163620,
18611163621,
18611163622,
18611163623,
18611163624,
18611163625,
18611163626,
18611163627,
18611163628,
18611163629,
18611163630,
18611163631,
18611163632,
18611163633,
18611163634,
18611163635,
18611163636,
18611163637,
18611163638,
18611163639,
18611163640,
18611163641,
18611163642,
18611163643,
18611163644,
18611163645,
18611163646,
18611163647,
18611163648,
18611163649,
18611163650,
18611163651,
18611163652,
18611163653,
18611163654,
18611163655,
18611163656,
18611163657,
18611163658,
18611163659,
18611163660,
18611163661,
18611163662,
18611163663,
18611163664,
18611163665,
18611163666,
18611163667,
18611163668,
18611163669,
18611163670,
18611163671,
18611163672,
18611163673,
18611163674,
18611163675,
18611163676,
18611163677,
18611163678,
18611163679,
18611163680,
18611163681,
18611163682,
18611163683,
18611163684,
18611163685,
18611163686,
18611163687,
18611163688,
18611163689,
18611163690,
18611163691,
18611163692,
18611163693,
18611163694,
18611163695,
18611163696,
18611163697,
18611163698,
18611163699,
18611163700,
18611163701,
18611163702,
18611163703,
18611163704,
18611163705,
18611163706,
18611163707,
18611163708,
18611163709,
18611163710,
18611163711,
18611163712,
18611163713,
18611163714,
18611163715,
18611163716,
18611163717,
18611163718,
18611163719,
18611163720,
18611163721,
18611163722,
18611163723,
18611163724,
18611163725,
18611163726,
18611163727,
18611163728,
18611163729,
18611163730,
18611163731,
18611163732,
18611163733,
18611163734,
18611163735,
18611163736,
18611163737,
18611163738,
18611163739,
18611163740,
18611163741,
18611163742,
18611163743,
18611163744,
18611163745,
18611163746,
18611163747,
18611163748,
18611163749,
18611163750,
18611163751,
18611163752,
18611163753,
18611163754,
18611163755,
18611163756,
18611163757,
18611163758,
18611163759,
18611163760,
18611163761,
18611163762,
18611163763,
18611163764,
18611163765,
18611163766,
18611163767,
18611163768,
18611163769,
18611163770,
18611163771,
18611163772,
18611163773,
18611163774,
18611163775,
18611163776,
18611163777,
18611163778,
18611163779,
18611163780,
18611163781,
18611163782,
18611163783,
18611163784,
18611163785,
18611163786,
18611163787,
18611163788,
18611163789,
18611163790,
18611163791,
18611163792,
18611163793,
18611163794,
18611163795,
18611163796,
18611163797,
18611163798,
18611163799,
18611163800,
18611163801,
18611163802,
18611163803,
18611163804,
18611163805,
18611163806,
18611163807,
18611163808,
18611163809,
18611163810,
18611163811,
18611163812,
18611163813,
18611163814,
18611163815,
18611163816,
18611163817,
18611163818,
18611163819,
18611163820,
18611163821,
18611163822,
18611163823,
18611163824,
18611163825,
18611163826,
18611163827,
18611163828,
18611163829,
18611163830,
18611163831,
18611163832,
18611163833,
18611163834,
18611163835,
18611163836,
18611163837,
18611163838,
18611163839,
18611163840,
18611163841,
18611163842,
18611163843,
18611163844,
18611163845,
18611163846,
18611163847,
18611163848,
18611163849,
18611163850,
18611163851,
18611163852,
18611163853,
18611163854,
18611163855,
18611163856,
18611163857,
18611163858,
18611163859,
18611163860,
18611163861,
18611163862,
18611163863,
18611163864,
18611163865,
18611163866,
18611163867,
18611163868,
18611163869,
18611163870,
18611163871,
18611163872,
18611163873,
18611163874,
18611163875,
18611163876,
18611163877,
18611163878,
18611163879,
18611163880,
18611163881,
18611163882,
18611163883,
18611163884,
18611163885,
18611163886,
18611163887,
18611163888,
18611163889,
18611163890,
18611163891,
18611163892,
18611163893,
18611163894,
18611163895,
18611163896,
18611163897,
18611163898,
18611163899,
18611163900,
18611163901,
18611163902,
18611163903,
18611163904,
18611163905,
18611163906,
18611163907,
18611163908,
18611163909,
18611163910,
18611163911,
18611163912,
18611163913,
18611163914,
18611163915,
18611163916,
18611163917,
18611163918,
18611163919,
18611163920,
18611163921,
18611163922,
18611163923,
18611163924,
18611163925,
18611163926,
18611163927,
18611163928,
18611163929,
18611163930,
18611163931,
18611163932,
18611163933,
18611163934,
18611163935,
18611163936,
18611163937,
18611163938,
18611163939,
18611163940,
18611163941,
18611163942,
18611163943,
18611163944,
18611163945,
18611163946,
18611163947,
18611163948,
18611163949,
18611163950,
18611163951,
18611163952,
18611163953,
18611163954,
18611163955,
18611163956,
18611163957,
18611163958,
18611163959,
18611163960,
18611163961,
18611163962,
18611163963,
18611163964,
18611163965,
18611163966,
18611163967,
18611163968,
18611163969,
18611163970,
18611163971,
18611163972,
18611163973,
18611163974,
18611163975,
18611163976,
18611163977,
18611163978,
18611163979,
18611163980,
18611163981,
18611163982,
18611163983,
18611163984,
18611163985,
18611163986,
18611163987,
18611163988,
18611163989,
18611163990,
18611163991,
18611163992,
18611163993,
18611163994,
18611163995,
18611163996,
18611163997,
18611163998,
18611163999,
18611164000,
18611164001,
18611164002,
18611164003,
18611164004,
18611164005,
18611164006,
18611164007,
18611164008,
18611164009,
18611164010,
18611164011,
18611164012,
18611164013,
18611164014,
18611164015,
18611164016,
18611164017,
18611164018,
18611164019,
18611164020,
18611164021,
18611164022,
18611164023,
18611164024,
18611164025,
18611164026,
18611164027,
18611164028,
18611164029,
18611164030,
18611164031,
18611164032,
18611164033,
18611164034,
18611164035,
18611164036,
18611164037,
18611164038,
18611164039,
18611164040,
18611164041,
18611164042,
18611164043,
18611164044,
18611164045,
18611164046,
18611164047,
18611164048,
18611164049,
18611164050,
18611164051,
18611164052,
18611164053,
18611164054,
18611164055,
18611164056,
18611164057,
18611164058,
18611164059,
18611164060,
18611164061,
18611164062,
18611164063,
18611164064,
18611164065,
18611164066,
18611164067,
18611164068,
18611164069,
18611164070,
18611164071,
18611164072,
18611164073,
18611164074,
18611164075,
18611164076,
18611164077,
18611164078,
18611164079,
18611164080,
18611164081,
18611164082,
18611164083,
18611164084,
18611164085,
18611164086,
18611164087,
18611164088,
18611164089,
18611164090,
18611164091,
18611164092,
18611164093,
18611164094,
18611164095,
18611164096,
18611164097,
18611164098,
18611164099,
18611164100,
18611164101,
18611164102,
18611164103,
18611164104,
18611164105,
18611164106,
18611164107,
18611164108,
18611164109,
18611164110,
18611164111,
18611164112,
18611164113,
18611164114,
18611164115,
18611164116,
18611164117,
18611164118,
18611164119,
18611164120,
18611164121,
18611164122,
18611164123,
18611164124,
18611164125,
18611164126,
18611164127,
18611164128,
18611164129,
18611164130,
18611164131,
18611164132,
18611164133,
18611164134,
18611164135,
18611164136,
18611164137,
18611164138,
18611164139,
18611164140,
18611164141,
18611164142,
18611164143,
18611164144,
18611164145,
18611164146,
18611164147,
18611164148,
18611164149,
18611164150,
18611164151,
18611164152,
18611164153,
18611164154,
18611164155,
18611164156,
18611164157,
18611164158,
18611164159,
18611164160,
18611164161,
18611164162,
18611164163,
18611164164,
18611164165,
18611164166,
18611164167,
18611164168,
18611164169,
18611164170,
18611164171,
18611164172,
18611164173,
18611164174,
18611164175,
18611164176,
18611164177,
18611164178,
18611164179,
18611164180,
18611164181,
18611164182,
18611164183,
18611164184,
18611164185,
18611164186,
18611164187,
18611164188,
18611164189,
18611164190,
18611164191,
18611164192,
18611164193,
18611164194,
18611164195,
18611164196,
18611164197,
18611164198,
18611164199,
18611164200,
18611164201,
18611164202,
18611164203,
18611164204,
18611164205,
18611164206,
18611164207,
18611164208,
18611164209,
18611164210,
18611164211,
18611164212,
18611164213,
18611164214,
18611164215,
18611164216,
18611164217,
18611164218,
18611164219,
18611164220,
18611164221,
18611164222,
18611164223,
18611164224,
18611164225,
18611164226,
18611164227,
18611164228,
18611164229,
18611164230,
18611164231,
18611164232,
18611164233,
18611164234,
18611164235,
18611164236,
18611164237,
18611164238,
18611164239,
18611164240,
18611164241,
18611164242,
18611164243,
18611164244,
18611164245,
18611164246,
18611164247,
18611164248,
18611164249,
18611164250,
18611164251,
18611164252,
18611164253,
18611164254,
18611164255,
18611164256,
18611164257,
18611164258,
18611164259,
18611164260,
18611164261,
18611164262,
18611164263,
18611164264,
18611164265,
18611164266,
18611164267,
18611164268,
18611164269,
18611164270,
18611164271,
18611164272,
18611164273,
18611164274,
18611164275,
18611164276,
18611164277,
18611164278,
18611164279,
18611164280,
18611164281,
18611164282,
18611164283,
18611164284,
18611164285,
18611164286,
18611164287,
18611164288,
18611164289,
18611164290,
18611164291,
18611164292,
18611164293,
18611164294,
18611164295,
18611164296,
18611164297,
18611164298,
18611164299,
18611164300,
18611164301,
18611164302,
18611164303,
18611164304,
18611164305,
18611164306,
18611164307,
18611164308,
18611164309,
18611164310,
18611164311,
18611164312,
18611164313,
18611164314,
18611164315,
18611164316,
18611164317,
18611164318,
18611164319,
18611164320,
18611164321,
18611164322,
18611164323,
18611164324,
18611164325,
18611164326,
18611164327,
18611164328,
18611164329,
18611164330,
18611164331,
18611164332,
18611164333,
18611164334,
18611164335,
18611164336,
18611164337,
18611164338,
18611164339,
18611164340,
18611164341,
18611164342,
18611164343,
18611164344,
18611164345,
18611164346,
18611164347,
18611164348,
18611164349,
18611164350,
18611164351,
18611164352,
18611164353,
18611164354,
18611164355,
18611164356,
18611164357,
18611164358,
18611164359,
18611164360,
18611164361,
18611164362,
18611164363,
18611164364,
18611164365,
18611164366,
18611164367,
18611164368,
18611164369,
18611164370,
18611164371,
18611164372,
18611164373,
18611164374,
18611164375,
18611164376,
18611164377,
18611164378,
18611164379,
18611164380,
18611164381,
18611164382,
18611164383,
18611164384,
18611164385,
18611164386,
18611164387,
18611164388,
18611164389,
18611164390,
18611164391,
18611164392,
18611164393,
18611164394,
18611164395,
18611164396,
18611164397,
18611164398,
18611164399,
18611164400,
18611164401,
18611164402,
18611164403,
18611164404,
18611164405,
18611164406,
18611164407,
18611164408,
18611164409,
18611164410,
18611164411,
18611164412,
18611164413,
18611164414,
18611164415,
18611164416,
18611164417,
18611164418,
18611164419,
18611164420,
18611164421,
18611164422,
18611164423,
18611164424,
18611164425,
18611164426,
18611164427,
18611164428,
18611164429,
18611164430,
18611164431,
18611164432,
18611164433,
18611164434,
18611164435,
18611164436,
18611164437,
18611164438,
18611164439,
18611164440,
18611164441,
18611164442,
18611164443,
18611164444,
18611164445,
18611164446,
18611164447,
18611164448,
18611164449,
18611164450,
18611164451,
18611164452,
18611164453,
18611164454,
18611164455,
18611164456,
18611164457,
18611164458,
18611164459,
18611164460,
18611164461,
18611164462,
18611164463,
18611164464,
18611164465,
18611164466,
18611164467,
18611164468,
18611164469,
18611164470,
18611164471,
18611164472,
18611164473,
18611164474,
18611164475,
18611164476,
18611164477,
18611164478,
18611164479,
18611164480,
18611164481,
18611164482,
18611164483,
18611164484,
18611164485,
18611164486,
18611164487,
18611164488,
18611164489,
18611164490,
18611164491,
18611164492,
18611164493,
18611164494,
18611164495,
18611164496,
18611164497,
18611164498,
18611164499,
18611164500,
18611164501,
18611164502,
18611164503,
18611164504,
18611164505,
18611164506,
18611164507,
18611164508,
18611164509,
18611164510,
18611164511,
18611164512,
18611164513,
18611164514,
18611164515,
18611164516,
18611164517,
18611164518,
18611164519,
18611164520,
18611164521,
18611164522,
18611164523,
18611164524,
18611164525,
18611164526,
18611164527,
18611164528,
18611164529,
18611164530,
18611164531,
18611164532,
18611164533,
18611164534,
18611164535,
18611164536,
18611164537,
18611164538,
18611164539,
18611164540,
18611164541,
18611164542,
18611164543,
18611164544,
18611164545,
18611164546,
18611164547,
18611164548,
18611164549,
18611164550,
18611164551,
18611164552,
18611164553,
18611164554,
18611164555,
18611164556,
18611164557,
18611164558,
18611164559,
18611164560,
18611164561,
18611164562,
18611164563,
18611164564,
18611164565,
18611164566,
18611164567,
18611164568,
18611164569,
18611164570,
18611164571,
18611164572,
18611164573,
18611164574,
18611164575,
18611164576,
18611164577,
18611164578,
18611164579,
18611164580,
18611164581,
18611164582,
18611164583,
18611164584,
18611164585,
18611164586,
18611164587,
18611164588,
18611164589,
18611164590,
18611164591,
18611164592,
18611164593,
18611164594,
18611164595,
18611164596,
18611164597,
18611164598,
18611164599,
18611164600,
18611164601,
18611164602,
18611164603,
18611164604,
18611164605,
18611164606,
18611164607,
18611164608,
18611164609,
18611164610,
18611164611,
18611164612,
18611164613,
18611164614,
18611164615,
18611164616,
18611164617,
18611164618,
18611164619,
18611164620,
18611164621,
18611164622,
18611164623,
18611164624,
18611164625,
18611164626,
18611164627,
18611164628,
18611164629,
18611164630,
18611164631,
18611164632,
18611164633,
18611164634,
18611164635,
18611164636,
18611164637,
18611164638,
18611164639,
18611164640,
18611164641,
18611164642,
18611164643,
18611164644,
18611164645,
18611164646,
18611164647,
18611164648,
18611164649,
18611164650,
18611164651,
18611164652,
18611164653,
18611164654,
18611164655,
18611164656,
18611164657,
18611164658,
18611164659,
18611164660,
18611164661,
18611164662,
18611164663,
18611164664,
18611164665,
18611164666,
18611164667,
18611164668,
18611164669,
18611164670,
18611164671,
18611164672,
18611164673,
18611164674,
18611164675,
18611164676,
18611164677,
18611164678,
18611164679,
18611164680,
18611164681,
18611164682,
18611164683,
18611164684,
18611164685,
18611164686,
18611164687,
18611164688,
18611164689,
18611164690,
18611164691,
18611164692,
18611164693,
18611164694,
18611164695,
18611164696,
18611164697,
18611164698,
18611164699,
18611164700,
18611164701,
18611164702,
18611164703,
18611164704,
18611164705,
18611164706,
18611164707,
18611164708,
18611164709,
18611164710,
18611164711,
18611164712,
18611164713,
18611164714,
18611164715,
18611164716,
18611164717,
18611164718,
18611164719,
18611164720,
18611164721,
18611164722,
18611164723,
18611164724,
18611164725,
18611164726,
18611164727,
18611164728,
18611164729,
18611164730,
18611164731,
18611164732,
18611164733,
18611164734,
18611164735,
18611164736,
18611164737,
18611164738,
18611164739,
18611164740,
18611164741,
18611164742,
18611164743,
18611164744,
18611164745,
18611164746,
18611164747,
18611164748,
18611164749,
18611164750,
18611164751,
18611164752,
18611164753,
18611164754,
18611164755,
18611164756,
18611164757,
18611164758,
18611164759,
18611164760,
18611164761,
18611164762,
18611164763,
18611164764,
18611164765,
18611164766,
18611164767,
18611164768,
18611164769,
18611164770,
18611164771,
18611164772,
18611164773,
18611164774,
18611164775,
18611164776,
18611164777,
18611164778,
18611164779,
18611164780,
18611164781,
18611164782,
18611164783,
18611164784,
18611164785,
18611164786,
18611164787,
18611164788,
18611164789,
18611164790,
18611164791,
18611164792,
18611164793,
18611164794,
18611164795,
18611164796,
18611164797,
18611164798,
18611164799,
18611164800,
18611164801,
18611164802,
18611164803,
18611164804,
18611164805,
18611164806,
18611164807,
18611164808,
18611164809,
18611164810,
18611164811,
18611164812,
18611164813,
18611164814,
18611164815,
18611164816,
18611164817,
18611164818,
18611164819,
18611164820,
18611164821,
18611164822,
18611164823,
18611164824,
18611164825,
18611164826,
18611164827,
18611164828,
18611164829,
18611164830,
18611164831,
18611164832,
18611164833,
18611164834,
18611164835,
18611164836,
18611164837,
18611164838,
18611164839,
18611164840,
18611164841,
18611164842,
18611164843,
18611164844,
18611164845,
18611164846,
18611164847,
18611164848,
18611164849,
18611164850,
18611164851,
18611164852,
18611164853,
18611164854,
18611164855,
18611164856,
18611164857,
18611164858,
18611164859,
18611164860,
18611164861,
18611164862,
18611164863,
18611164864,
18611164865,
18611164866,
18611164867,
18611164868,
18611164869,
18611164870,
18611164871,
18611164872,
18611164873,
18611164874,
18611164875,
18611164876,
18611164877,
18611164878,
18611164879,
18611164880,
18611164881,
18611164882,
18611164883,
18611164884,
18611164885,
18611164886,
18611164887,
18611164888,
18611164889,
18611164890,
18611164891,
18611164892,
18611164893,
18611164894,
18611164895,
18611164896,
18611164897,
18611164898,
18611164899,
18611164900,
18611164901,
18611164902,
18611164903,
18611164904,
18611164905,
18611164906,
18611164907,
18611164908,
18611164909,
18611164910,
18611164911,
18611164912,
18611164913,
18611164914,
18611164915,
18611164916,
18611164917,
18611164918,
18611164919,
18611164920,
18611164921,
18611164922,
18611164923,
18611164924,
18611164925,
18611164926,
18611164927,
18611164928,
18611164929,
18611164930,
18611164931,
18611164932,
18611164933,
18611164934,
18611164935,
18611164936,
18611164937,
18611164938,
18611164939,
18611164940,
18611164941,
18611164942,
18611164943,
18611164944,
18611164945,
18611164946,
18611164947,
18611164948,
18611164949,
18611164950,
18611164951,
18611164952,
18611164953,
18611164954,
18611164955,
18611164956,
18611164957,
18611164958,
18611164959,
18611164960,
18611164961,
18611164962,
18611164963,
18611164964,
18611164965,
18611164966,
18611164967,
18611164968,
18611164969,
18611164970,
18611164971,
18611164972,
18611164973,
18611164974,
18611164975,
18611164976,
18611164977,
18611164978,
18611164979,
18611164980,
18611164981,
18611164982,
18611164983,
18611164984,
18611164985,
18611164986,
18611164987,
18611164988,
18611164989,
18611164990,
18611164991,
18611164992,
18611164993,
18611164994,
18611164995,
18611164996,
18611164997,
18611164998,
18611164999,
18611165000,
18611165001,
18611165002,
18611165003,
18611165004,
18611165005,
18611165006,
18611165007,
18611165008,
18611165009,
18611165010,
18611165011,
18611165012,
18611165013,
18611165014,
18611165015,
18611165016,
18611165017,
18611165018,
18611165019,
18611165020,
18611165021,
18611165022,
18611165023,
18611165024,
18611165025,
18611165026,
18611165027,
18611165028,
18611165029,
18611165030,
18611165031,
18611165032,
18611165033,
18611165034,
18611165035,
18611165036,
18611165037,
18611165038,
18611165039,
18611165040,
18611165041,
18611165042,
18611165043,
18611165044,
18611165045,
18611165046,
18611165047,
18611165048,
18611165049,
18611165050,
18611165051,
18611165052,
18611165053,
18611165054,
18611165055,
18611165056,
18611165057,
18611165058,
18611165059,
18611165060,
18611165061,
18611165062,
18611165063,
18611165064,
18611165065,
18611165066,
18611165067,
18611165068,
18611165069,
18611165070,
18611165071,
18611165072,
18611165073,
18611165074,
18611165075,
18611165076,
18611165077,
18611165078,
18611165079,
18611165080,
18611165081,
18611165082,
18611165083,
18611165084,
18611165085,
18611165086,
18611165087,
18611165088,
18611165089,
18611165090,
18611165091,
18611165092,
18611165093,
18611165094,
18611165095,
18611165096,
18611165097,
18611165098,
18611165099,
18611165100,
18611165101,
18611165102,
18611165103,
18611165104,
18611165105,
18611165106,
18611165107,
18611165108,
18611165109,
18611165110,
18611165111,
18611165112,
18611165113,
18611165114,
18611165115,
18611165116,
18611165117,
18611165118,
18611165119,
18611165120,
18611165121,
18611165122,
18611165123,
18611165124,
18611165125,
18611165126,
18611165127,
18611165128,
18611165129,
18611165130,
18611165131,
18611165132,
18611165133,
18611165134,
18611165135,
18611165136,
18611165137,
18611165138,
18611165139,
18611165140,
18611165141,
18611165142,
18611165143,
18611165144,
18611165145,
18611165146,
18611165147,
18611165148,
18611165149,
18611165150,
18611165151,
18611165152,
18611165153,
18611165154,
18611165155,
18611165156,
18611165157,
18611165158,
18611165159,
18611165160,
18611165161,
18611165162,
18611165163,
18611165164,
18611165165,
18611165166,
18611165167,
18611165168,
18611165169,
18611165170,
18611165171,
18611165172,
18611165173,
18611165174,
18611165175,
18611165176,
18611165177,
18611165178,
18611165179,
18611165180,
18611165181,
18611165182,
18611165183,
18611165184,
18611165185,
18611165186,
18611165187,
18611165188,
18611165189,
18611165190,
18611165191,
18611165192,
18611165193,
18611165194,
18611165195,
18611165196,
18611165197,
18611165198,
18611165199,
18611165200,
18611165201,
18611165202,
18611165203,
18611165204,
18611165205,
18611165206,
18611165207,
18611165208,
18611165209,
18611165210,
18611165211,
18611165212,
18611165213,
18611165214,
18611165215,
18611165216,
18611165217,
18611165218,
18611165219,
18611165220,
18611165221,
18611165222,
18611165223,
18611165224,
18611165225,
18611165226,
18611165227,
18611165228,
18611165229,
18611165230,
18611165231,
18611165232,
18611165233,
18611165234,
18611165235,
18611165236,
18611165237,
18611165238,
18611165239,
18611165240,
18611165241,
18611165242,
18611165243,
18611165244,
18611165245,
18611165246,
18611165247,
18611165248,
18611165249,
18611165250,
18611165251,
18611165252,
18611165253,
18611165254,
18611165255,
18611165256,
18611165257,
18611165258,
18611165259,
18611165260,
18611165261,
18611165262,
18611165263,
18611165264,
18611165265,
18611165266,
18611165267,
18611165268,
18611165269,
18611165270,
18611165271,
18611165272,
18611165273,
18611165274,
18611165275,
18611165276,
18611165277,
18611165278,
18611165279,
18611165280,
18611165281,
18611165282,
18611165283,
18611165284,
18611165285,
18611165286,
18611165287,
18611165288,
18611165289,
18611165290,
18611165291,
18611165292,
18611165293,
18611165294,
18611165295,
18611165296,
18611165297,
18611165298,
18611165299,
18611165300,
18611165301,
18611165302,
18611165303,
18611165304,
18611165305,
18611165306,
18611165307,
18611165308,
18611165309,
18611165310,
18611165311,
18611165312,
18611165313,
18611165314,
18611165315,
18611165316,
18611165317,
18611165318,
18611165319,
18611165320,
18611165321,
18611165322,
18611165323,
18611165324,
18611165325,
18611165326,
18611165327,
18611165328,
18611165329,
18611165330,
18611165331,
18611165332,
18611165333,
18611165334,
18611165335,
18611165336,
18611165337,
18611165338,
18611165339,
18611165340,
18611165341,
18611165342,
18611165343,
18611165344,
18611165345,
18611165346,
18611165347,
18611165348,
18611165349,
18611165350,
18611165351,
18611165352,
18611165353,
18611165354,
18611165355,
18611165356,
18611165357,
18611165358,
18611165359,
18611165360,
18611165361,
18611165362,
18611165363,
18611165364,
18611165365,
18611165366,
18611165367,
18611165368,
18611165369,
18611165370,
18611165371,
18611165372,
18611165373,
18611165374,
18611165375,
18611165376,
18611165377,
18611165378,
18611165379,
18611165380,
18611165381,
18611165382,
18611165383,
18611165384,
18611165385,
18611165386,
18611165387,
18611165388,
18611165389,
18611165390,
18611165391,
18611165392,
18611165393,
18611165394,
18611165395,
18611165396,
18611165397,
18611165398,
18611165399,
18611165400,
18611165401,
18611165402,
18611165403,
18611165404,
18611165405,
18611165406,
18611165407,
18611165408,
18611165409,
18611165410,
18611165411,
18611165412,
18611165413,
18611165414,
18611165415,
18611165416,
18611165417,
18611165418,
18611165419,
18611165420,
18611165421,
18611165422,
18611165423,
18611165424,
18611165425,
18611165426,
18611165427,
18611165428,
18611165429,
18611165430,
18611165431,
18611165432,
18611165433,
18611165434,
18611165435,
18611165436,
18611165437,
18611165438,
18611165439,
18611165440,
18611165441,
18611165442,
18611165443,
18611165444,
18611165445,
18611165446,
18611165447,
18611165448,
18611165449,
18611165450,
18611165451,
18611165452,
18611165453,
18611165454,
18611165455,
18611165456,
18611165457,
18611165458,
18611165459,
18611165460,
18611165461,
18611165462,
18611165463,
18611165464,
18611165465,
18611165466,
18611165467,
18611165468,
18611165469,
18611165470,
18611165471,
18611165472,
18611165473,
18611165474,
18611165475,
18611165476,
18611165477,
18611165478,
18611165479,
18611165480,
18611165481,
18611165482,
18611165483,
18611165484,
18611165485,
18611165486,
18611165487,
18611165488,
18611165489,
18611165490,
18611165491,
18611165492,
18611165493,
18611165494,
18611165495,
18611165496,
18611165497,
18611165498,
18611165499,
18611165500,
18611165501,
18611165502,
18611165503,
18611165504,
18611165505,
18611165506,
18611165507,
18611165508,
18611165509,
18611165510,
18611165511,
18611165512,
18611165513,
18611165514,
18611165515,
18611165516,
18611165517,
18611165518,
18611165519,
18611165520,
18611165521,
18611165522,
18611165523,
18611165524,
18611165525,
18611165526,
18611165527,
18611165528,
18611165529,
18611165530,
18611165531,
18611165532,
18611165533,
18611165534,
18611165535,
18611165536,
18611165537,
18611165538,
18611165539,
18611165540,
18611165541,
18611165542,
18611165543,
18611165544,
18611165545,
18611165546,
18611165547,
18611165548,
18611165549,
18611165550,
18611165551,
18611165552,
18611165553,
18611165554,
18611165555,
18611165556,
18611165557,
18611165558,
18611165559,
18611165560,
18611165561,
18611165562,
18611165563,
18611165564,
18611165565,
18611165566,
18611165567,
18611165568,
18611165569,
18611165570,
18611165571,
18611165572,
18611165573,
18611165574,
18611165575,
18611165576,
18611165577,
18611165578,
18611165579,
18611165580,
18611165581,
18611165582,
18611165583,
18611165584,
18611165585,
18611165586,
18611165587,
18611165588,
18611165589,
18611165590,
18611165591,
18611165592,
18611165593,
18611165594,
18611165595,
18611165596,
18611165597,
18611165598,
18611165599,
18611165600,
18611165601,
18611165602,
18611165603,
18611165604,
18611165605,
18611165606,
18611165607,
18611165608,
18611165609,
18611165610,
18611165611,
18611165612,
18611165613,
18611165614,
18611165615,
18611165616,
18611165617,
18611165618,
18611165619,
18611165620,
18611165621,
18611165622,
18611165623,
18611165624,
18611165625,
18611165626,
18611165627,
18611165628,
18611165629,
18611165630,
18611165631,
18611165632,
18611165633,
18611165634,
18611165635,
18611165636,
18611165637,
18611165638,
18611165639,
18611165640,
18611165641,
18611165642,
18611165643,
18611165644,
18611165645,
18611165646,
18611165647,
18611165648,
18611165649,
18611165650,
18611165651,
18611165652,
18611165653,
18611165654,
18611165655,
18611165656,
18611165657,
18611165658,
18611165659,
18611165660,
18611165661,
18611165662,
18611165663,
18611165664,
18611165665,
18611165666,
18611165667,
18611165668,
18611165669,
18611165670,
18611165671,
18611165672,
18611165673,
18611165674,
18611165675,
18611165676,
18611165677,
18611165678,
18611165679,
18611165680,
18611165681,
18611165682,
18611165683,
18611165684,
18611165685,
18611165686,
18611165687,
18611165688,
18611165689,
18611165690,
18611165691,
18611165692,
18611165693,
18611165694,
18611165695,
18611165696,
18611165697,
18611165698,
18611165699,
18611165700,
18611165701,
18611165702,
18611165703,
18611165704,
18611165705,
18611165706,
18611165707,
18611165708,
18611165709,
18611165710,
18611165711,
18611165712,
18611165713,
18611165714,
18611165715,
18611165716,
18611165717,
18611165718,
18611165719,
18611165720,
18611165721,
18611165722,
18611165723,
18611165724,
18611165725,
18611165726,
18611165727,
18611165728,
18611165729,
18611165730,
18611165731,
18611165732,
18611165733,
18611165734,
18611165735,
18611165736,
18611165737,
18611165738,
18611165739,
18611165740,
18611165741,
18611165742,
18611165743,
18611165744,
18611165745,
18611165746,
18611165747,
18611165748,
18611165749,
18611165750,
18611165751,
18611165752,
18611165753,
18611165754,
18611165755,
18611165756,
18611165757,
18611165758,
18611165759,
18611165760,
18611165761,
18611165762,
18611165763,
18611165764,
18611165765,
18611165766,
18611165767,
18611165768,
18611165769,
18611165770,
18611165771,
18611165772,
18611165773,
18611165774,
18611165775,
18611165776,
18611165777,
18611165778,
18611165779,
18611165780,
18611165781,
18611165782,
18611165783,
18611165784,
18611165785,
18611165786,
18611165787,
18611165788,
18611165789,
18611165790,
18611165791,
18611165792,
18611165793,
18611165794,
18611165795,
18611165796,
18611165797,
18611165798,
18611165799,
18611165800,
18611165801,
18611165802,
18611165803,
18611165804,
18611165805,
18611165806,
18611165807,
18611165808,
18611165809,
18611165810,
18611165811,
18611165812,
18611165813,
18611165814,
18611165815,
18611165816,
18611165817,
18611165818,
18611165819,
18611165820,
18611165821,
18611165822,
18611165823,
18611165824,
18611165825,
18611165826,
18611165827,
18611165828,
18611165829,
18611165830,
18611165831,
18611165832,
18611165833,
18611165834,
18611165835,
18611165836,
18611165837,
18611165838,
18611165839,
18611165840,
18611165841,
18611165842,
18611165843,
18611165844,
18611165845,
18611165846,
18611165847,
18611165848,
18611165849,
18611165850,
18611165851,
18611165852,
18611165853,
18611165854,
18611165855,
18611165856,
18611165857,
18611165858,
18611165859,
18611165860,
18611165861,
18611165862,
18611165863,
18611165864,
18611165865,
18611165866,
18611165867,
18611165868,
18611165869,
18611165870,
18611165871,
18611165872,
18611165873,
18611165874,
18611165875,
18611165876,
18611165877,
18611165878,
18611165879,
18611165880,
18611165881,
18611165882,
18611165883,
18611165884,
18611165885,
18611165886,
18611165887,
18611165888,
18611165889,
18611165890,
18611165891,
18611165892,
18611165893,
18611165894,
18611165895,
18611165896,
18611165897,
18611165898,
18611165899,
18611165900,
18611165901,
18611165902,
18611165903,
18611165904,
18611165905,
18611165906,
18611165907,
18611165908,
18611165909,
18611165910,
18611165911,
18611165912,
18611165913,
18611165914,
18611165915,
18611165916,
18611165917,
18611165918,
18611165919,
18611165920,
18611165921,
18611165922,
18611165923,
18611165924,
18611165925,
18611165926,
18611165927,
18611165928,
18611165929,
18611165930,
18611165931,
18611165932,
18611165933,
18611165934,
18611165935,
18611165936,
18611165937,
18611165938,
18611165939,
18611165940,
18611165941,
18611165942,
18611165943,
18611165944,
18611165945,
18611165946,
18611165947,
18611165948,
18611165949,
18611165950,
18611165951,
18611165952,
18611165953,
18611165954,
18611165955,
18611165956,
18611165957,
18611165958,
18611165959,
18611165960,
18611165961,
18611165962,
18611165963,
18611165964,
18611165965,
18611165966,
18611165967,
18611165968,
18611165969,
18611165970,
18611165971,
18611165972,
18611165973,
18611165974,
18611165975,
18611165976,
18611165977,
18611165978,
18611165979,
18611165980,
18611165981,
18611165982,
18611165983,
18611165984,
18611165985,
18611165986,
18611165987,
18611165988,
18611165989,
18611165990,
18611165991,
18611165992,
18611165993,
18611165994,
18611165995,
18611165996,
18611165997,
18611165998,
18611165999,
18611166000,
18611166001,
18611166002,
18611166003,
18611166004,
18611166005,
18611166006,
18611166007,
18611166008,
18611166009,
18611166010,
18611166011,
18611166012,
18611166013,
18611166014,
18611166015,
18611166016,
18611166017,
18611166018,
18611166019,
18611166020,
18611166021,
18611166022,
18611166023,
18611166024,
18611166025,
18611166026,
18611166027,
18611166028,
18611166029,
18611166030,
18611166031,
18611166032,
18611166033,
18611166034,
18611166035,
18611166036,
18611166037,
18611166038,
18611166039,
18611166040,
18611166041,
18611166042,
18611166043,
18611166044,
18611166045,
18611166046,
18611166047,
18611166048,
18611166049,
18611166050,
18611166051,
18611166052,
18611166053,
18611166054,
18611166055,
18611166056,
18611166057,
18611166058,
18611166059,
18611166060,
18611166061,
18611166062,
18611166063,
18611166064,
18611166065,
18611166066,
18611166067,
18611166068,
18611166069,
18611166070,
18611166071,
18611166072,
18611166073,
18611166074,
18611166075,
18611166076,
18611166077,
18611166078,
18611166079,
18611166080,
18611166081,
18611166082,
18611166083,
18611166084,
18611166085,
18611166086,
18611166087,
18611166088,
18611166089,
18611166090,
18611166091,
18611166092,
18611166093,
18611166094,
18611166095,
18611166096,
18611166097,
18611166098,
18611166099,
18611166100,
18611166101,
18611166102,
18611166103,
18611166104,
18611166105,
18611166106,
18611166107,
18611166108,
18611166109,
18611166110,
18611166111,
18611166112,
18611166113,
18611166114,
18611166115,
18611166116,
18611166117,
18611166118,
18611166119,
18611166120,
18611166121,
18611166122,
18611166123,
18611166124,
18611166125,
18611166126,
18611166127,
18611166128,
18611166129,
18611166130,
18611166131,
18611166132,
18611166133,
18611166134,
18611166135,
18611166136,
18611166137,
18611166138,
18611166139,
18611166140,
18611166141,
18611166142,
18611166143,
18611166144,
18611166145,
18611166146,
18611166147,
18611166148,
18611166149,
18611166150,
18611166151,
18611166152,
18611166153,
18611166154,
18611166155,
18611166156,
18611166157,
18611166158,
18611166159,
18611166160,
18611166161,
18611166162,
18611166163,
18611166164,
18611166165,
18611166166,
18611166167,
18611166168,
18611166169,
18611166170,
18611166171,
18611166172,
18611166173,
18611166174,
18611166175,
18611166176,
18611166177,
18611166178,
18611166179,
18611166180,
18611166181,
18611166182,
18611166183,
18611166184,
18611166185,
18611166186,
18611166187,
18611166188,
18611166189,
18611166190,
18611166191,
18611166192,
18611166193,
18611166194,
18611166195,
18611166196,
18611166197,
18611166198,
18611166199,
18611166200,
18611166201,
18611166202,
18611166203,
18611166204,
18611166205,
18611166206,
18611166207,
18611166208,
18611166209,
18611166210,
18611166211,
18611166212,
18611166213,
18611166214,
18611166215,
18611166216,
18611166217,
18611166218,
18611166219,
18611166220,
18611166221,
18611166222,
18611166223,
18611166224,
18611166225,
18611166226,
18611166227,
18611166228,
18611166229,
18611166230,
18611166231,
18611166232,
18611166233,
18611166234,
18611166235,
18611166236,
18611166237,
18611166238,
18611166239,
18611166240,
18611166241,
18611166242,
18611166243,
18611166244,
18611166245,
18611166246,
18611166247,
18611166248,
18611166249,
18611166250,
18611166251,
18611166252,
18611166253,
18611166254,
18611166255,
18611166256,
18611166257,
18611166258,
18611166259,
18611166260,
18611166261,
18611166262,
18611166263,
18611166264,
18611166265,
18611166266,
18611166267,
18611166268,
18611166269,
18611166270,
18611166271,
18611166272,
18611166273,
18611166274,
18611166275,
18611166276,
18611166277,
18611166278,
18611166279,
18611166280,
18611166281,
18611166282,
18611166283,
18611166284,
18611166285,
18611166286,
18611166287,
18611166288,
18611166289,
18611166290,
18611166291,
18611166292,
18611166293,
18611166294,
18611166295,
18611166296,
18611166297,
